case_id,capability,checklist_item,validation_class,reference_value,moose_value,units,scored_metric,scored_error,tolerance,observed_order,verdict,runtime_s
T1-01_transient_heat_conduction,Transient heat conduction,2.1,A,315.7299207050285,315.72775056532,K,"maximum normalized L2 temperature-profile error over t = 0.0625, 0.125, and 0.25 s",6.873405294289064e-06,0.002,1.999364800618322,PASS,27.442
T1-02_fickian_species_diffusion,Fickian species diffusion,6.1,A,0.9229000145292017,0.92295159558012,normalized concentration,"maximum normalized L2 concentration-profile error over t = 0.025, 0.05, and 0.1 s",5.589018323356009e-05,0.002,1.9973769281644753,PASS,11.859
T1-03_convective_radiative_bc,Convective and radiative thermal boundary conditions,2.2,A,308.45070227039247,308.55480392117,K,fin tip temperature and base heat rate relative error; maximum radiative temperature-history deviation relative to the analytic lumped solution,0.00033749850465979967,0.01,-0.0034406290999180024,PASS,11.726
T1-04_reaction_diffusion,Steady reaction–diffusion with first-order sink,6.2,A,0.41015427200459836,0.41015349330816,normalized concentration,maximum normalized L2 profile error over the three L/lambda regimes,1.898545234163225e-06,0.005,2.000093689568029,PASS,2.848
T1-05_elastoplastic_cylinder,J2/von Mises elastoplasticity in a thick cylinder,1.1,A,80.03774225686291,79.60000000000001,MPa,"relative error in p_lim; p_y, p(c) and the fully-plastic stress field are secondary checks",0.005469197962357187,0.02,,PASS,363.525
T1-06_power_law_creep,Power-law secondary creep,1.2,A,0.024444078598495237,0.02444938295613,strain,"relative error in the 100 MPa, 1000 K final creep strain",0.00021699969640458157,0.01,,PASS,12.352
T1-07_plane_poiseuille,Laminar plane-channel flow (Poiseuille),3.1,A,1.0,0.99418604686257,m/s,normalized L2 velocity-profile error at the finest transverse mesh,0.0017164282006422917,0.02,1.8007190854691242,PASS,3.578
T1-08_hertzian_contact,Hertzian elastic contact,1.4,A,9138.950050527585,9145.879105278655,pressure,"relative error in peak contact pressure p0 and in the fitted contact half-width a, at the measured load",0.0007581893666953557,0.03,,PASS,63.101
T1-09_cahn_hilliard,Split Cahn–Hilliard phase-field evolution,5.1,A,-0.3333333333333333,-0.3077713991511262,dimensionless (log-log slope),absolute error in the fitted log-log slope against -1/3,0.07668580254662127,0.05,,PASS,0
T1-10_allen_cahn_grain_growth,Allen–Cahn curvature-driven grain growth,5.2,A,0.0,3.723398709257312e-05,dimensionless (1 - R^2 correlation of the R^2-versus-t fit),"maximum absolute deviation of the R^2(t) fit from linearity, expressed as 1 - R^2_corr",3.723398709257312e-05,0.001,,PASS,0
T1-11_neutron_diffusion_eigenvalue,One-group neutron diffusion eigenvalue,7.1,A,5.032812832172817,5.030805,dimensionless,relative k-effective error,0.0003989483097764923,0.001,,PASS,0.0
T1-12_stochastic_uq,Stochastic tools and Sobol sensitivity,9.2,A,"[0.313905191147811, 0.442411144790041, 0.0]","[0.3174403905698589, 0.45386399074961914, -0.007103447653045312]",dimensionless,absolute Sobol-index error,0.011452845959578128,0.03,-0.3736207705921962,PASS,
T2-13_lid_driven_cavity,Incompressible lid-driven cavity flow,3.2,B,0.0,0.020167936129973293,U_lid (profile RMSE vs Ghia; reference deviation is zero),L2 profile deviation normalized by U_lid,0.020167936129973293,0.04,,PASS,0.0
T2-14_natural_convection,Boussinesq natural convection in a differentially heated cavity,3.3,B,"{'Ra': [1000, 10000, 100000, 1000000], 'Nu_avg': [1.118, 2.243, 4.519, 8.8]}","{'Ra': 1000000.0, 'mesh_n': 128, 'Nu_avg': 9.1073648183746, 'midplane_ux': 67.10503166679987}",dimensionless,relative Nu and midplane-velocity error,,0.04,,PASS,0.0
T2-15_conjugate_heat_transfer,Conjugate heat transfer across fluid/solid interfaces,3.4,A,8.235,8.234152217796291,dimensionless,relative Nusselt error,0.00010294865861667173,0.02,,PASS,34.348
T2-16_theis_darcy,Single-phase Darcy flow and Theis drawdown,4.1,A,0.4,0.39952429723034105,m^2/s,relative drawdown error,0.011101131949592483,0.02,,PASS,3.38
T2-17_fracture_KI,Fracture mechanics J/interaction integrals,1.5,B,2.434,2.42518365095226,force/length,relative J-integral error,0.003622164768997571,0.03,,PASS,0.0
T2-18_finite_strain_rotation,Finite-strain elastic kinematics,1.6,A,0.0,1.8772578602721524e-08,stress increment,maximum rotation-stage stress normalized by elastic modulus,1.8772578602721524e-14,1e-08,,PASS,0.0
T2-19_optimization_inverse,TAO optimization and inverse-parameter recovery,9.1,A,1000.0,1000.2582099939,W/m^3,relative recovered-source error,0.00025820999389991606,0.001,2.0015998555700603,PASS,0.0
T2-20_neutronics_heat_coupling,Neutronics-shaped heat source to conduction,8.1,A,0.0,1.845445815122699e-10,relative L2 (reference is zero),relative profile L2 error,1.845445815122699e-10,0.01,,PASS,0.0
T2-21_stefan_problem,One-phase Stefan melting with apparent heat capacity,2.3,A,0.000850412284775067,0.0008528517846343997,length,relative front-position error,0.00286860844205461,0.02,,PASS,0.0
T3-22_buckling,Euler buckling load recovered from an imperfection-based nonlinear column,1.7,A,0.16449340668482262,0.16446436850006851,force per unit depth,"relative error of the Southwell-recovered P_cr against the closed-form Euler load, for both boundary conditions",0.0001765309950066782,0.03,,PASS,1614.386
T3-23_irradiation_swelling,Dose-dependent swelling eigenstrain and the mismatch stress it drives,1.3,A,-952.3809523809525,-952.22594246034,stress,"ElementL2Error of sigma_xx against the closed-form function, normalized by E*S/(3(1-nu)), for the quadratic dose profile at the finest mesh",7.278867114255135e-05,0.001,2.0000000000000258,PASS,1.03
T3-24_fsi,Fluid-structure interaction benchmark FSI1,8.2,B,"[2.27e-05, 0.0008209]","[2.2618319299024e-05, 0.00081528928222358]",m,relative tip displacement error,0.00683483710125469,0.1,,PASS,0
T3-25_dendrite,Anisotropic solidification: growth-direction selection,5.3,A,"[0, 15, 30, 45]","[5.9685589803848416e-12, 14.832001877716934, 30.0, 45.14498093670569]",degrees,"maximum absolute error of the measured arm direction against reference_angle, modulo 360/m, over the rotation sweep",0.1679981222830662,2.0,,PASS,0
